Workbook

Sheet Fielding Data
A1: Match No. | B1: Innings | C1: Team | D1: Player Name | E1: BallCount | F1: Position | G1: Short Description | H1: Pick | I1: Throw | J1: Runs | K1: Overcount | L1: Venue
A2: SAMPLE-001 | B2: 1 | C2: Team A | D2: Player 1 | E2: 0.1 | F2: Short mid wicket | G2: Dives and stops hard drive | H2: Clean Pick | J2: 1 | K2: =INT(E2)+1 -> 1 | L2: Sample Stadium, City
A3: SAMPLE-001 | B3: 1 | C3: Team A | D3: Player 2 | E3: 0.2 | F3: Wicket keeper | G3: Collects cleanly behind the stumps | H3: Clean Pick | J3: 0 | K3: =INT(E3)+1 -> 1 | L3: Sample Stadium, City
A4: SAMPLE-001 | B4: 1 | C4: Team A | D4: Player 3 | E4: 0.4 | F4: Point | G4: Stops cut shot and returns accurately | H4: Clean Pick | I4: Good Throw | J4: 1 | K4: =INT(E4)+1 -> 1 | L4: Sample Stadium, City
A5: SAMPLE-001 | B5: 1 | C5: Team A | D5: Player 1 | E5: 0.5 | F5: Cover | G5: Fumbles the ball, extra run taken | H5: Fumble | J5: -1 | K5: =INT(E5)+1 -> 1 | L5: Sample Stadium, City
A6: SAMPLE-001 | B6: 1 | C6: Team A | D6: Player 2 | E6: 1.1 | F6: Long off | G6: Takes a high catch near the boundary | H6: Catch | J6: 0 | K6: =INT(E6)+1 -> 2 | L6: Sample Stadium, City
A7: SAMPLE-001 | B7: 1 | C7: Team A | D7: Player 3 | E7: 1.3 | F7: Cover point | G7: Direct hit, batter short of crease | H7: Clean Pick | I7: Run Out | J7: 0 | K7: =INT(E7)+1 -> 2 | L7: Sample Stadium, City
A8: SAMPLE-001 | B8: 1 | C8: Team A | D8: Player 1 | E8: 1.4 | F8: Mid on | G8: Clean pick, saves two runs | H8: Clean Pick | J8: 2 | K8: =INT(E8)+1 -> 2 | L8: Sample Stadium, City
A9: SAMPLE-001 | B9: 1 | C9: Team A | D9: Player 2 | E9: 1.6 | F9: Wicket keeper | G9: Quick stumping, batter out of crease | H9: Clean Pick | I9: Stumping | J9: 0 | K9: =INT(E9)+1 -> 2 | L9: Sample Stadium, City
A10: SAMPLE-001 | B10: 1 | C10: Team A | D10: Player 3 | E10: 2.1 | F10: Point | G10: Misses the throw at the stumps | H10: Clean Pick | I10: Missed Run Out | J10: 0 | K10: =INT(E10)+1 -> 3 | L10: Sample Stadium, City
A11: SAMPLE-001 | B11: 1 | C11: Team A | D11: Player 1 | E11: 2.2 | F11: Square leg | G11: Drops an easy catch | H11: Dropped Catch | J11: -2 | K11: =INT(E11)+1 -> 3 | L11: Sample Stadium, City
A12: SAMPLE-001 | B12: 1 | C12: Team A | D12: Player 2 | E12: 2.4 | F12: Mid wicket | G12: Good throw to the keeper end | H12: Clean Pick | I12: Good Throw | J12: 1 | K12: =INT(E12)+1 -> 3 | L12: Sample Stadium, City
A13: SAMPLE-001 | B13: 1 | C13: Team A | D13: Player 3 | E13: 2.5 | F13: Third man | G13: Fumble, ball runs to boundary | H13: Fumble | J13: -3 | K13: =INT(E13)+1 -> 3 | L13: Sample Stadium, City
A14: SAMPLE-001 | B14: 1 | C14: Team A | D14: Player 1 | E14: 3.1 | F14: Cover | G14: Direct hit from cover | H14: Clean Pick | I14: Direct Hit | J14: 1 | K14: =INT(E14)+1 -> 4 | L14: Sample Stadium, City
A15: SAMPLE-001 | B15: 1 | C15: Team A | D15: Player 2 | E15: 3.2 | F15: Long on | G15: Clean pick and strong throw | H15: Clean Pick | I15: Good Throw | J15: 1 | K15: =INT(E15)+1 -> 4 | L15: Sample Stadium, City
A16: SAMPLE-001 | B16: 1 | C16: Team A | D16: Player 3 | E16: 3.4 | F16: Point | G16: Dives to save a certain boundary | H16: Clean Pick | J16: 3 | K16: =INT(E16)+1 -> 4 | L16: Sample Stadium, City
A17: SAMPLE-001 | B17: 1 | C17: Team A | D17: Player 1 | E17: 3.6 | F17: Mid off | G17: Bad throw, overthrow gives 1 run | H17: Clean Pick | I17: Bad Throw | J17: -1 | K17: =INT(E17)+1 -> 4 | L17: Sample Stadium, City
A18: SAMPLE-001 | B18: 1 | C18: Team A | D18: Player 2 | E18: 4.1 | F18: Wicket keeper | G18: Misses stumping chance | H18: Clean Pick | I18: Missed Run Out | J18: 0 | K18: =INT(E18)+1 -> 5 | L18: Sample Stadium, City
A19: SAMPLE-001 | B19: 1 | C19: Team A | D19: Player 3 | E19: 4.3 | F19: Deep square | G19: Takes a sharp catch | H19: Catch | J19: 0 | K19: =INT(E19)+1 -> 5 | L19: Sample Stadium, City
A20: SAMPLE-001 | B20: 1 | C20: Team A | D20: Player 1 | E20: 4.5 | F20: Short mid wicket | G20: Clean pick, no run | H20: Clean Pick | J20: 0 | K20: =INT(E20)+1 -> 5 | L20: Sample Stadium, City
A21: SAMPLE-001 | B21: 1 | C21: Team A | D21: Player 2 | E21: 5.2 | F21: Cover | G21: Direct hit, batter run out | H21: Clean Pick | I21: Direct Hit | J21: 1 | K21: =INT(E21)+1 -> 6 | L21: Sample Stadium, City
A22: SAMPLE-001 | B22: 1 | C22: Team A | D22: Player 3 | E22: 5.4 | F22: Long off | G22: Fumbles, batter gets two | H22: Fumble | J22: -1 | K22: =INT(E22)+1 -> 6 | L22: Sample Stadium, City
A23: SAMPLE-001 | B23: 1 | C23: Team A | D23: Player 1 | E23: 5.6 | F23: Point | G23: Takes a diving catch | H23: Catch | J23: 0 | K23: =INT(E23)+1 -> 6 | L23: Sample Stadium, City

Sheet Performance Matrix
A1: Fielding Performance Matrix
A3: Player Name | B3: Clean Picks (CP) | C3: Good Throws (GT) | D3: Catches (C) | E3: Dropped Catches (DC) | F3: Stumpings (ST) | G3: Run Outs (RO) | H3: Missed Run Outs (MRO) | I3: Direct Hits (DH) | J3: Runs Saved (RS) | K3: Performance Score (PS)
A4: Player 1 | B4: =COUNTIFS('Fielding Data'!$D$2:$D$500,$A4,'Fielding Data'!$H$2:$H$500,"Clean Pick") -> 5 | C4: =COUNTIFS('Fielding Data'!$D$2:$D$500,$A4,'Fielding Data'!$I$2:$I$500,"Good Throw") -> 0 | D4: =COUNTIFS('Fielding Data'!$D$2:$D$500,$A4,'Fielding Data'!$H$2:$H$500,"Catch") -> 1 | E4: =COUNTIFS('Fielding Data'!$D$2:$D$500,$A4,'Fielding Data'!$H$2:$H$500,"Dropped Catch") -> 1 | F4: =COUNTIFS('Fielding Data'!$D$2:$D$500,$A4,'Fielding Data'!$I$2:$I$500,"Stumping") -> 0 | G4: =COUNTIFS('Fielding Data'!$D$2:$D$500,$A4,'Fielding Data'!$I$2:$I$500,"Run Out") -> 0 | H4: =COUNTIFS('Fielding Data'!$D$2:$D$500,$A4,'Fielding Data'!$I$2:$I$500,"Missed Run Out") -> 0 | I4: =COUNTIFS('Fielding Data'!$D$2:$D$500,$A4,'Fielding Data'!$I$2:$I$500,"Direct Hit") -> 1 | J4: =SUMIFS('Fielding Data'!$J$2:$J$500,'Fielding Data'!$D$2:$D$500,$A4) -> 0 | K4: =(B4*'Weights & Legend'!$C$4)+(C4*'Weights & Legend'!$C$5)+(D4*'Weights & Legend'!$C$6)+(E4*'Weights & Legend'!$C$7)+(F4*'Weights & Legend'!$C$8)+(G4*'Weights & Legend'!$C$9)+(H4*'Weights & Legend'!$C$10)+(I4*'Weights & Legend'!$C$11)+J4 -> 7
A5: Player 2 | B5: =COUNTIFS('Fielding Data'!$D$2:$D$500,$A5,'Fielding Data'!$H$2:$H$500,"Clean Pick") -> 6 | C5: =COUNTIFS('Fielding Data'!$D$2:$D$500,$A5,'Fielding Data'!$I$2:$I$500,"Good Throw") -> 2 | D5: =COUNTIFS('Fielding Data'!$D$2:$D$500,$A5,'Fielding Data'!$H$2:$H$500,"Catch") -> 1 | E5: =COUNTIFS('Fielding Data'!$D$2:$D$500,$A5,'Fielding Data'!$H$2:$H$500,"Dropped Catch") -> 0 | F5: =COUNTIFS('Fielding Data'!$D$2:$D$500,$A5,'Fielding Data'!$I$2:$I$500,"Stumping") -> 1 | G5: =COUNTIFS('Fielding Data'!$D$2:$D$500,$A5,'Fielding Data'!$I$2:$I$500,"Run Out") -> 0 | H5: =COUNTIFS('Fielding Data'!$D$2:$D$500,$A5,'Fielding Data'!$I$2:$I$500,"Missed Run Out") -> 1 | I5: =COUNTIFS('Fielding Data'!$D$2:$D$500,$A5,'Fielding Data'!$I$2:$I$500,"Direct Hit") -> 1 | J5: =SUMIFS('Fielding Data'!$J$2:$J$500,'Fielding Data'!$D$2:$D$500,$A5) -> 3 | K5: =(B5*'Weights & Legend'!$C$4)+(C5*'Weights & Legend'!$C$5)+(D5*'Weights & Legend'!$C$6)+(E5*'Weights & Legend'!$C$7)+(F5*'Weights & Legend'!$C$8)+(G5*'Weights & Legend'!$C$9)+(H5*'Weights & Legend'!$C$10)+(I5*'Weights & Legend'!$C$11)+J5 -> 17
A6: Player 3 | B6: =COUNTIFS('Fielding Data'!$D$2:$D$500,$A6,'Fielding Data'!$H$2:$H$500,"Clean Pick") -> 4 | C6: =COUNTIFS('Fielding Data'!$D$2:$D$500,$A6,'Fielding Data'!$I$2:$I$500,"Good Throw") -> 1 | D6: =COUNTIFS('Fielding Data'!$D$2:$D$500,$A6,'Fielding Data'!$H$2:$H$500,"Catch") -> 1 | E6: =COUNTIFS('Fielding Data'!$D$2:$D$500,$A6,'Fielding Data'!$H$2:$H$500,"Dropped Catch") -> 0 | F6: =COUNTIFS('Fielding Data'!$D$2:$D$500,$A6,'Fielding Data'!$I$2:$I$500,"Stumping") -> 0 | G6: =COUNTIFS('Fielding Data'!$D$2:$D$500,$A6,'Fielding Data'!$I$2:$I$500,"Run Out") -> 1 | H6: =COUNTIFS('Fielding Data'!$D$2:$D$500,$A6,'Fielding Data'!$I$2:$I$500,"Missed Run Out") -> 1 | I6: =COUNTIFS('Fielding Data'!$D$2:$D$500,$A6,'Fielding Data'!$I$2:$I$500,"Direct Hit") -> 0 | J6: =SUMIFS('Fielding Data'!$J$2:$J$500,'Fielding Data'!$D$2:$D$500,$A6) -> 0 | K6: =(B6*'Weights & Legend'!$C$4)+(C6*'Weights & Legend'!$C$5)+(D6*'Weights & Legend'!$C$6)+(E6*'Weights & Legend'!$C$7)+(F6*'Weights & Legend'!$C$8)+(G6*'Weights & Legend'!$C$9)+(H6*'Weights & Legend'!$C$10)+(I6*'Weights & Legend'!$C$11)+J6 -> 9
A8: PS = (CP x WCP) + (GT x WGT) + (C x WC) + (DC x WDC) + (ST x WST) + (RO x WRO) + (MRO x WMRO) + (DH x WDH) + RS
A9: Weights are read from the 'Weights & Legend' sheet.

Sheet Weights & Legend
A1: Scoring weights (from the task formula)
A3: Metric | B3: Short | C3: Weight | D3: Meaning
A4: Clean Picks | B4: CP | C4: 1 | D4: Clean pick = +1
A5: Good Throws | B5: GT | C5: 1 | D5: Good throw = +1
A6: Catches | B6: C | C6: 3 | D6: Catch = +3
A7: Dropped Catches | B7: DC | C7: -3 | D7: Dropped catch = -3
A8: Stumpings | B8: ST | C8: 3 | D8: Stumping = +3
A9: Run Outs | B9: RO | C9: 3 | D9: Run out = +3
A10: Missed Run Outs | B10: MRO | C10: -2 | D10: Missed run out = -2
A11: Direct Hits | B11: DH | C11: 2 | D11: Direct hit = +2
A12: Runs Saved (RS) is added to the score as it is (+ saved, - conceded).
A14: How to use this workbook
A15: 1. Enter one row per fielding action on the 'Fielding Data' sheet (blue text = input cells).
A16: 2. Pick values: Clean Pick, Fumble, Catch, Dropped Catch. Throw values: Good Throw, Bad Throw, Run Out, Missed Run Out, Stumping, Direct Hit.
A17: 3. Runs: positive = runs saved, negative = runs conceded. Overcount is calculated automatically from BallCount.
A18: 4. Type the three player names in column A of 'Performance Matrix'. Counts and the Performance Score update automatically.
A19: 5. Weights above can be changed and the scores will recalculate.
A21: IMPORTANT: the rows currently in 'Fielding Data' are ILLUSTRATIVE SAMPLE entries (Match SAMPLE-001, Player 1-3). Replace them with real match data before submitting.
